{
  "hash": "bc076965",
  "configHash": "06739175",
  "lockfileHash": "3a5f4f10",
  "browserHash": "0b57dba8",
  "optimized": {
    "@angular/common": {
      "src": "../../../../../node_modules/@angular/common/fesm2022/common.mjs",
      "file": "@angular_common.js",
      "fileHash": "2bef2e2d",
      "needsInterop": false
    },
    "@angular/common/http": {
      "src": "../../../../../node_modules/@angular/common/fesm2022/http.mjs",
      "file": "@angular_common_http.js",
      "fileHash": "f71be5f0",
      "needsInterop": false
    },
    "@angular/core": {
      "src": "../../../../../node_modules/@angular/core/fesm2022/core.mjs",
      "file": "@angular_core.js",
      "fileHash": "47ba783d",
      "needsInterop": false
    },
    "@angular/forms": {
      "src": "../../../../../node_modules/@angular/forms/fesm2022/forms.mjs",
      "file": "@angular_forms.js",
      "fileHash": "885dbea4",
      "needsInterop": false
    },
    "@angular/platform-browser": {
      "src": "../../../../../node_modules/@angular/platform-browser/fesm2022/platform-browser.mjs",
      "file": "@angular_platform-browser.js",
      "fileHash": "5edf74f6",
      "needsInterop": false
    },
    "@angular/router": {
      "src": "../../../../../node_modules/@angular/router/fesm2022/router.mjs",
      "file": "@angular_router.js",
      "fileHash": "233b7656",
      "needsInterop": false
    }
  },
  "chunks": {
    "chunk-Q5YONY56": {
      "file": "chunk-Q5YONY56.js"
    },
    "chunk-5LAABAVH": {
      "file": "chunk-5LAABAVH.js"
    },
    "chunk-3263JALZ": {
      "file": "chunk-3263JALZ.js"
    },
    "chunk-FHEKVWDN": {
      "file": "chunk-FHEKVWDN.js"
    }
  }
}